chromosome,snpLocation,snpid,gene,geneSymbol,pvalue
1,1584102,rs28525262,ENSG00000228327,,0.476962818021688
1,1584102,rs28525262,ENSG00000237491,,0.278118476299342
1,1584102,rs28525262,ENSG00000228794,LINC01128,0.191799353964054
1,1584102,rs28525262,ENSG00000225880,LINC00115,0.517291677872976
1,1584102,rs28525262,ENSG00000187634,SAMD11,0.628057978307418
1,1584102,rs28525262,ENSG00000188976,NOC2L,0.956823112295783
1,1584102,rs28525262,ENSG00000187961,KLHL17,0.426651264056501
1,1584102,rs28525262,ENSG00000272512,,0.975124411487414
1,1584102,rs28525262,ENSG00000188290,HES4,0.605147527983992
1,1584102,rs28525262,ENSG00000187608,ISG15,0.511986422735182
1,1584102,rs28525262,ENSG00000188157,AGRN,0.617393170933935
1,1584102,rs28525262,ENSG00000217801,,0.370996760493274
1,1584102,rs28525262,ENSG00000131591,C1orf159,0.162575374444314
1,1584102,rs28525262,ENSG00000078808,SDF4,0.0931069831056268
1,1584102,rs28525262,ENSG00000176022,B3GALT6,0.11710979880635
1,1584102,rs28525262,ENSG00000160087,UBE2J2,0.653965442434794
1,1584102,rs28525262,ENSG00000230415,,0.410374510711581
1,1584102,rs28525262,ENSG00000162572,SCNN1D,0.859327881809301
1,1584102,rs28525262,ENSG00000131584,ACAP3,0.986412090067028
1,1584102,rs28525262,ENSG00000169972,PUSL1,0.918549186397715
1,1584102,rs28525262,ENSG00000127054,CPSF3L,0.0145443655914225
1,1584102,rs28525262,ENSG00000240731,,0.817584796423143
1,1584102,rs28525262,ENSG00000224051,CPTP,0.733161172666441
1,1584102,rs28525262,ENSG00000169962,TAS1R3,0.0188076454617115
1,1584102,rs28525262,ENSG00000107404,DVL1,0.548858783806398
1,1584102,rs28525262,ENSG00000162576,MXRA8,0.706194552971594
1,1584102,rs28525262,ENSG00000175756,AURKAIP1,0.308018706400284
1,1584102,rs28525262,ENSG00000221978,CCNL2,0.413405238417601
1,1584102,rs28525262,ENSG00000224870,,0.66881569847808
1,1584102,rs28525262,ENSG00000242485,MRPL20,0.413983631643067
1,1584102,rs28525262,ENSG00000272455,,0.608948574105492
1,1584102,rs28525262,ENSG00000235098,ANKRD65,0.0348462667081101
1,1584102,rs28525262,ENSG00000205116,TMEM88B,0.891909743548485
1,1584102,rs28525262,ENSG00000179403,VWA1,0.819381976560849
1,1584102,rs28525262,ENSG00000215915,ATAD3C,0.343583402427792
1,1584102,rs28525262,ENSG00000160072,ATAD3B,0.473993164763188
1,1584102,rs28525262,ENSG00000197785,ATAD3A,0.97989373251741
1,1584102,rs28525262,ENSG00000205090,TMEM240,0.229264852345973
1,1584102,rs28525262,ENSG00000160075,SSU72,0.0787916343520877
1,1584102,rs28525262,ENSG00000215014,,0.933934990319694
1,1584102,rs28525262,ENSG00000228594,FNDC10,0.116947107735375
1,1584102,rs28525262,ENSG00000272106,,0.00183964736677323
1,1584102,rs28525262,ENSG00000197530,MIB2,0.0328533746396698
1,1584102,rs28525262,ENSG00000248333,CDK11B,0.347768724013571
1,1584102,rs28525262,ENSG00000189339,SLC35E2B,0.00684533601055836
1,1584102,rs28525262,ENSG00000269737,,0.809037031854105
1,1584102,rs28525262,ENSG00000008128,CDK11A,0.0214105905179345
1,1584102,rs28525262,ENSG00000268575,,0.353112557440511
1,1584102,rs28525262,ENSG00000227775,,1.03495621264728e-11
1,1584102,rs28525262,ENSG00000215790,SLC35E2,0.000420098136022571
1,1584102,rs28525262,ENSG00000008130,NADK,0.481131614665575
1,1584102,rs28525262,ENSG00000078369,GNB1,0.060392596128492
1,1584102,rs28525262,ENSG00000178821,TMEM52,0.271900679089871
1,1584102,rs28525262,ENSG00000142609,CFAP74,0.539991719610683
1,1584102,rs28525262,ENSG00000233542,,0.349217481220203
1,1584102,rs28525262,ENSG00000187730,GABRD,0.464131598350827
1,1584102,rs28525262,ENSG00000067606,PRKCZ,0.72939026198436
1,1584102,rs28525262,ENSG00000271806,,0.376056596410527
1,1584102,rs28525262,ENSG00000182873,,0.395647483662805
1,1584102,rs28525262,ENSG00000162585,FAAP20,0.888308287373768
1,1584102,rs28525262,ENSG00000157933,SKI,0.354026511387253
1,1584102,rs28525262,ENSG00000116151,MORN1,0.717872478814202
1,1584102,rs28525262,ENSG00000272161,,0.646385971904656
1,1584102,rs28525262,ENSG00000269896,,0.107670577698541
1,1584102,rs28525262,ENSG00000272420,,0.318440008058767
1,1584102,rs28525262,ENSG00000157916,RER1,0.434464987154197
1,1584102,rs28525262,ENSG00000157911,PEX10,0.876167110293046
1,1584102,rs28525262,ENSG00000149527,PLCH2,0.408212068351196
1,1584102,rs28525262,ENSG00000224387,,0.336259745444987
1,1584102,rs28525262,ENSG00000229393,,0.9184383982187
1,1584102,rs28525262,ENSG00000157881,PANK4,0.387336882362838
1,1584102,rs28525262,ENSG00000197921,HES5,0.789017966193555
1,1584102,rs28525262,ENSG00000272449,,0.0482231479672975
1,1584102,rs28525262,ENSG00000157873,TNFRSF14,0.476725462296688
1,1584102,rs28525262,ENSG00000157870,FAM213B,0.766771184954505
1,1584102,rs28525262,ENSG00000215912,TTC34,0.0687597072813491
