chromosome,snpLocation,snpid,gene,geneSymbol,statistic,pvalue,FDR,beta,A1,A2,A2freq,expressionIncreasingAllele,strand,geneBiotype,geneStartPosition,geneEndPosition
1,1584102,rs28525262,ENSG00000228327,,0.712247279504378,0.476962818021688,0.938020213891414,0.0662564055039332,G,A,0.51831,A,-1,transcribed_unprocessed_pseudogene,725885,778626
1,1584102,rs28525262,ENSG00000237491,,-1.08687471442641,0.278118476299342,0.876456443999805,-0.100193674354233,G,A,0.51831,G,1,lincRNA,778770,810060
1,1584102,rs28525262,ENSG00000228794,LINC01128,-1.30874392361369,0.191799353964054,0.82595376590084,-0.116309760573626,G,A,0.51831,G,1,processed_transcript,825138,859446
1,1584102,rs28525262,ENSG00000225880,LINC00115,-0.648427942087588,0.517291677872976,0.945579478911783,-0.0603382797084373,G,A,0.51831,G,-1,lincRNA,826206,827522
1,1584102,rs28525262,ENSG00000187634,SAMD11,-0.48504905103804,0.628057978307418,0.965471985402682,-0.044920089267776,G,A,0.51831,G,1,protein_coding,923928,944581
1,1584102,rs28525262,ENSG00000188976,NOC2L,-0.0541939026751874,0.956823112295783,0.997044739983082,-0.00494307074362169,G,A,0.51831,G,-1,protein_coding,944204,959309
1,1584102,rs28525262,ENSG00000187961,KLHL17,-0.796208844523176,0.426651264056501,0.925141292915737,-0.0715166989021219,G,A,0.51831,G,1,protein_coding,960587,965715
1,1584102,rs28525262,ENSG00000272512,,-0.0312125944238086,0.975124411487414,0.998328409306601,-0.00291831856032054,G,A,0.51831,G,-1,lincRNA,995966,998051
1,1584102,rs28525262,ENSG00000188290,HES4,-0.517655358861072,0.605147527983992,0.962150461230233,-0.0482962526071601,G,A,0.51831,G,-1,protein_coding,998962,1000172
1,1584102,rs28525262,ENSG00000187608,ISG15,-0.656668247477198,0.511986422735182,0.944608908359355,-0.0611602284380641,G,A,0.51831,G,1,protein_coding,1001138,1014541
1,1584102,rs28525262,ENSG00000188157,AGRN,0.500160851688477,0.617393170933935,0.964232971879619,0.0461013854377134,G,A,0.51831,A,1,protein_coding,1020123,1056118
1,1584102,rs28525262,ENSG00000217801,,-0.896189566835756,0.370996760493274,0.90975589428553,-0.0831999319509452,G,A,0.51831,G,1,transcribed_unprocessed_pseudogene,1059734,1069355
1,1584102,rs28525262,ENSG00000131591,C1orf159,-1.40051300105838,0.162575374444314,0.803530337765553,-0.128279382594583,G,A,0.51831,G,-1,protein_coding,1081818,1116361
1,1584102,rs28525262,ENSG00000078808,SDF4,1.68554354394911,0.0931069831056268,0.71916874010812,0.150928911025895,G,A,0.51831,A,-1,protein_coding,1216908,1232031
1,1584102,rs28525262,ENSG00000176022,B3GALT6,-1.57234791389406,0.11710979880635,0.754249857754053,-0.146449671860728,G,A,0.51831,G,1,protein_coding,1232265,1235041
1,1584102,rs28525262,ENSG00000160087,UBE2J2,-0.448788406768092,0.653965442434794,0.969141859910313,-0.0412052715147539,G,A,0.51831,G,-1,protein_coding,1253909,1273885
1,1584102,rs28525262,ENSG00000230415,,-0.824590952299723,0.410374510711581,0.920890821608348,-0.0752784558271862,G,A,0.51831,G,1,lincRNA,1275223,1280420
1,1584102,rs28525262,ENSG00000162572,SCNN1D,-0.177409120942928,0.859327881809301,0.989629805200054,-0.0158048767519283,G,A,0.51831,G,1,protein_coding,1280436,1292029
1,1584102,rs28525262,ENSG00000131584,ACAP3,-0.0170474526702593,0.986412090067028,0.999040238674824,-0.00153502213044263,G,A,0.51831,G,-1,protein_coding,1292376,1309609
1,1584102,rs28525262,ENSG00000169972,PUSL1,-0.102362764649046,0.918549186397715,0.994383222420059,-0.00952219858979251,G,A,0.51831,G,1,protein_coding,1308567,1311677
1,1584102,rs28525262,ENSG00000127054,CPSF3L,2.46033821762126,0.0145443655914225,0.381551427858216,0.224017944510436,G,A,0.51831,A,-1,protein_coding,1311585,1324691
1,1584102,rs28525262,ENSG00000240731,,0.230890778707071,0.817584796423143,0.986003750406848,0.0215227049798278,G,A,0.51831,A,-1,sense_intronic,1317581,1318689
1,1584102,rs28525262,ENSG00000224051,CPTP,0.341296855839327,0.733161172666441,0.978307097272111,0.0307277355584134,G,A,0.51831,A,1,protein_coding,1324756,1328897
1,1584102,rs28525262,ENSG00000169962,TAS1R3,2.36442954573959,0.0188076454617115,0.428545077806572,0.217430788466089,G,A,0.51831,A,1,protein_coding,1331314,1335306
1,1584102,rs28525262,ENSG00000107404,DVL1,0.600270912506514,0.548858783806398,0.952314051734769,0.0549248494187496,G,A,0.51831,A,-1,protein_coding,1335276,1349350
1,1584102,rs28525262,ENSG00000162576,MXRA8,-0.377394236263776,0.706194552971594,0.975012063304969,-0.0347085997974282,G,A,0.51831,G,-1,protein_coding,1352689,1361777
1,1584102,rs28525262,ENSG00000175756,AURKAIP1,-1.0214302191799,0.308018706400284,0.888448239747804,-0.0929634925539531,G,A,0.51831,G,-1,protein_coding,1373730,1375495
1,1584102,rs28525262,ENSG00000221978,CCNL2,0.819256264744562,0.413405238417601,0.921803151170739,0.073462602818181,G,A,0.51831,A,-1,protein_coding,1385711,1399328
1,1584102,rs28525262,ENSG00000224870,,-0.428270505042135,0.66881569847808,0.970656323124501,-0.0393230043023997,G,A,0.51831,G,1,processed_transcript,1399522,1402046
1,1584102,rs28525262,ENSG00000242485,MRPL20,-0.818240828897681,0.413983631643067,0.921934736237844,-0.0757623827099243,G,A,0.51831,G,-1,protein_coding,1401908,1407313
1,1584102,rs28525262,ENSG00000272455,,-0.512208292796571,0.608948574105492,0.962628583033079,-0.0475259142037533,G,A,0.51831,G,1,lincRNA,1409096,1410618
1,1584102,rs28525262,ENSG00000235098,ANKRD65,-2.1214795520877,0.0348462667081101,0.542570939397379,-0.193610320237248,G,A,0.51831,G,-1,protein_coding,1418420,1421769
1,1584102,rs28525262,ENSG00000205116,TMEM88B,-0.136023854488211,0.891909743548485,0.992316623940042,-0.012533668957909,G,A,0.51831,G,1,protein_coding,1426128,1427787
1,1584102,rs28525262,ENSG00000179403,VWA1,-0.228575615428904,0.819381976560849,0.986275059216454,-0.0209975530161502,G,A,0.51831,G,1,protein_coding,1434861,1442882
1,1584102,rs28525262,ENSG00000215915,ATAD3C,-0.948873375427791,0.343583402427792,0.900878788150766,-0.0877316892034809,G,A,0.51831,G,1,protein_coding,1449689,1470158
1,1584102,rs28525262,ENSG00000160072,ATAD3B,-0.717060312631258,0.473993164763188,0.937415595466949,-0.0670366895566189,G,A,0.51831,G,1,protein_coding,1471769,1497848
1,1584102,rs28525262,ENSG00000197785,ATAD3A,-0.0252268726409303,0.97989373251741,0.99875429787729,-0.00233874620067564,G,A,0.51831,G,1,protein_coding,1512151,1534687
1,1584102,rs28525262,ENSG00000205090,TMEM240,1.20514414615668,0.229264852345973,0.850802117537145,0.111218514121528,G,A,0.51831,A,-1,protein_coding,1535174,1540453
1,1584102,rs28525262,ENSG00000160075,SSU72,-1.76481661543121,0.0787916343520877,0.690689112486361,-0.162448403420012,G,A,0.51831,G,-1,protein_coding,1541673,1574869
1,1584102,rs28525262,ENSG00000215014,,0.082976918843356,0.933934990319694,0.995375998044409,0.00765593176143194,G,A,0.51831,A,1,lincRNA,1574975,1577075
1,1584102,rs28525262,ENSG00000228594,FNDC10,-1.5730500892419,0.116947107735375,0.753995948702074,-0.142463058865278,G,A,0.51831,G,-1,protein_coding,1598012,1600096
1,1584102,rs28525262,ENSG00000272106,,-3.14797024868058,0.00183964736677323,0.119178943294728,-0.28530674110742,G,A,0.51831,G,-1,antisense,1613758,1615795
1,1584102,rs28525262,ENSG00000197530,MIB2,-2.14555010344588,0.0328533746396698,0.531450237027705,-0.198050068611128,G,A,0.51831,G,1,protein_coding,1615415,1630610
1,1584102,rs28525262,ENSG00000248333,CDK11B,0.940661215034266,0.347768724013571,0.902214332727349,0.0868833092883582,G,A,0.51831,A,-1,protein_coding,1635227,1659012
1,1584102,rs28525262,ENSG00000189339,SLC35E2B,2.72648517539724,0.00684533601055836,0.260123573719075,0.246144146907274,G,A,0.51831,A,-1,protein_coding,1659529,1692728
1,1584102,rs28525262,ENSG00000269737,,0.24191942981011,0.809037031854105,0.985274163442084,0.0223546520422463,G,A,0.51831,A,1,transcribed_processed_pseudogene,1671990,1674397
1,1584102,rs28525262,ENSG00000008128,CDK11A,-2.31494336349768,0.0214105905179345,0.451888554203538,-0.212808169021083,G,A,0.51831,G,-1,protein_coding,1702730,1724324
1,1584102,rs28525262,ENSG00000268575,,-0.930267242526813,0.353112557440511,0.904058715398561,-0.0864168298754625,G,A,0.51831,G,-1,processed_transcript,1702736,1737688
1,1584102,rs28525262,ENSG00000227775,,-7.12953985015193,1.03495621264728e-11,7.41776142881674e-09,-0.603935321513904,G,A,0.51831,G,1,transcribed_processed_pseudogene,1724512,1737251
1,1584102,rs28525262,ENSG00000215790,SLC35E2,3.57415870821505,0.000420098136022571,0.0402641764017993,0.318243208938475,G,A,0.51831,A,-1,protein_coding,1724838,1745992
1,1584102,rs28525262,ENSG00000008130,NADK,-0.705518493947612,0.481131614665575,0.93879300322907,-0.0655208626345965,G,A,0.51831,G,-1,protein_coding,1751232,1780457
1,1584102,rs28525262,ENSG00000078369,GNB1,-1.88628699603069,0.060392596128492,0.641991979430247,-0.159860452411525,G,A,0.51831,G,-1,protein_coding,1785285,1891117
1,1584102,rs28525262,ENSG00000178821,TMEM52,1.10107865634654,0.271900679089871,0.873438357238048,0.100857635187122,G,A,0.51831,A,-1,protein_coding,1917590,1919273
1,1584102,rs28525262,ENSG00000142609,CFAP74,0.613652912041587,0.539991719610683,0.950564883685219,0.0567362635569796,G,A,0.51831,A,-1,protein_coding,1921951,2003837
1,1584102,rs28525262,ENSG00000233542,,0.937833310095206,0.349217481220203,0.902791301497854,0.0873852254151581,G,A,0.51831,A,-1,antisense,2013213,2015530
1,1584102,rs28525262,ENSG00000187730,GABRD,0.733164431237607,0.464131598350827,0.935283253184377,0.0675451568018646,G,A,0.51831,A,1,protein_coding,2019324,2030751
1,1584102,rs28525262,ENSG00000067606,PRKCZ,-0.346316749672,0.72939026198436,0.977884433437202,-0.0307828480569404,G,A,0.51831,G,1,protein_coding,2050470,2185395
1,1584102,rs28525262,ENSG00000271806,,-0.886735950066017,0.376056596410527,0.911369119689048,-0.0826356088548195,G,A,0.51831,G,-1,antisense,2141084,2145279
1,1584102,rs28525262,ENSG00000182873,,0.850856211384811,0.395647483662805,0.916835352445235,0.0781170802791585,G,A,0.51831,A,-1,antisense,2181794,2184389
1,1584102,rs28525262,ENSG00000162585,FAAP20,0.140585630845036,0.888308287373768,0.991990244811299,0.0130452476861713,G,A,0.51831,A,-1,protein_coding,2184461,2212720
1,1584102,rs28525262,ENSG00000157933,SKI,-0.928499621792449,0.354026511387253,0.904368129974017,-0.0859130277659031,G,A,0.51831,G,1,protein_coding,2228695,2310119
1,1584102,rs28525262,ENSG00000116151,MORN1,0.361704390008422,0.717872478814202,0.976439804049814,0.0338569739274168,G,A,0.51831,A,-1,protein_coding,2321253,2391707
1,1584102,rs28525262,ENSG00000272161,,0.459333565860542,0.646385971904656,0.968067422943808,0.0427905790364678,G,A,0.51831,A,-1,sense_intronic,2326201,2326693
1,1584102,rs28525262,ENSG00000269896,,1.61443129384522,0.107670577698541,0.742329535489576,0.148245173970467,G,A,0.51831,A,-1,transcribed_processed_pseudogene,2350414,2352820
1,1584102,rs28525262,ENSG00000272420,,0.999624235154121,0.318440008058767,0.892173689294702,0.0899733919972933,G,A,0.51831,A,-1,sense_intronic,2363061,2363628
1,1584102,rs28525262,ENSG00000157916,RER1,0.78281012543489,0.434464987154197,0.927054872669872,0.0716315033325524,G,A,0.51831,A,1,protein_coding,2391775,2405444
1,1584102,rs28525262,ENSG00000157911,PEX10,-0.155986457652807,0.876167110293046,0.990869851009819,-0.0142878243167561,G,A,0.51831,G,-1,protein_coding,2403964,2413797
1,1584102,rs28525262,ENSG00000149527,PLCH2,-0.828411689607683,0.408212068351196,0.920391521894474,-0.0763204452500894,G,A,0.51831,G,1,protein_coding,2425980,2505530
1,1584102,rs28525262,ENSG00000224387,,-0.963399556538571,0.336259745444987,0.898345977957864,-0.0882031865359955,G,A,0.51831,G,-1,antisense,2492300,2493258
1,1584102,rs28525262,ENSG00000229393,,-0.102502487176699,0.9184383982187,0.994367432406506,-0.00937383227744519,G,A,0.51831,G,-1,antisense,2493437,2494479
1,1584102,rs28525262,ENSG00000157881,PANK4,-0.865940313842267,0.387336882362838,0.914446579653692,-0.0805817447163973,G,A,0.51831,G,-1,protein_coding,2508533,2526628
1,1584102,rs28525262,ENSG00000197921,HES5,0.267867356531817,0.789017966193555,0.983757868265008,0.0247039768164439,G,A,0.51831,A,-1,protein_coding,2528745,2530245
1,1584102,rs28525262,ENSG00000272449,,-1.9849355488115,0.0482231479672975,0.600560829982742,-0.179010032411743,G,A,0.51831,G,1,lincRNA,2546465,2547460
1,1584102,rs28525262,ENSG00000157873,TNFRSF14,0.712631362478744,0.476725462296688,0.937995716226571,0.066161148406426,G,A,0.51831,A,1,protein_coding,2555639,2565382
1,1584102,rs28525262,ENSG00000157870,FAM213B,-0.296917527588359,0.766771184954505,0.981733734153952,-0.0272722592647478,G,A,0.51831,G,1,protein_coding,2586491,2591469
1,1584102,rs28525262,ENSG00000215912,TTC34,-1.82772243649961,0.0687597072813491,0.665852080445275,-0.169776956951928,G,A,0.51831,G,-1,protein_coding,2635976,2801717
