"",phenotype_id,variant_id,tss_distance,maf,ma_samples,ma_count,pval_nominal,slope,slope_se,pval_nominal_threshold,min_pval_nominal,pval_beta
"1",ENSG00000176022.4,chr1_1224783_G_A_b38,-7482,0.147541,53,54,4.04239e-06,-0.273671,0.0570778,6.20489e-05,4.84016e-07,0.000850752
"2",ENSG00000164008.14,chr1_42791468_G_A_b38,24199,0.374317,119,137,3.79971e-06,-0.478746,0.09955,0.000102611,1.57872e-21,1.50845e-17
"3",ENSG00000183291.15,chr1_86873354_A_ATATT_b38,-41070,0.23224,74,85,4.44493e-19,0.479033,0.0462929,8.02582e-05,7.03053e-20,4.68201e-16
"4",ENSG00000274642.1,chr1_121039576_A_G_b38,842491,0.445355,127,163,7.82282e-06,0.456499,0.0983973,0.00011615,6.07838e-15,1.37363e-11
"5",ENSG00000226067.6,chr1_121315228_G_C_b38,362789,0.398907,115,146,5.05606e-06,0.42261,0.0891128,0.000241098,1.88675e-33,5.81324e-29
"6",ENSG00000117601.13,chr1_174748665_GT_G_b38,831287,0.0437158,15,16,4.28704e-06,0.992188,0.207527,0.000204755,2.85103e-11,4.64483e-08
"7",ENSG00000163050.16,chr1_226892758_G_A_b38,-4778,0.453552,128,166,6.59406e-05,-0.228031,0.0554588,0.000115013,2.12911e-06,0.00289479
"8",ENSG00000270696.1,chr2_75687004_G_A_b38,26542,0.229508,74,84,9.81342e-06,0.336379,0.0733619,5.85635e-05,5.9017e-06,0.00930705
"9",ENSG00000068654.15,chr2_86271116_C_T_b38,164961,0.39071,118,143,5.28108e-06,0.255906,0.0540776,0.000106176,4.35761e-13,1.6658e-09
"10",ENSG00000132305.20,chr2_86197203_T_C_b38,1614,0.486339,139,178,8.98121e-11,-0.323797,0.0462314,9.70719e-05,5.9927e-12,2.13947e-08
"11",ENSG00000144218.18,chr2_100075031_T_C_b38,-67708,0.166667,53,61,1.2463e-24,0.605533,0.0485373,0.000106126,3.63726e-26,2.14832e-21
"12",ENSG00000075886.10,chr2_131487553_C_T_b38,11460,0.0901639,31,33,2.79558e-06,-0.644308,0.132029,8.19363e-05,7.81897e-07,0.000949423
"13",ENSG00000181798.2,chr2_231519007_T_G_b38,4668,0.120219,43,44,4.23655e-05,-0.681968,0.161417,6.30439e-05,7.5865e-14,3.66247e-10
"14",ENSG00000280119.1,chr2_241961593_C_T_b38,-39616,0.139344,41,51,6.4758e-05,-0.428649,0.104133,0.000124001,5.8828e-10,1.78839e-06
"15",ENSG00000186792.16,chr3_49973138_G_T_b38,-326330,0.442623,127,162,0.000116009,-0.251029,0.0633279,0.000333296,2.51856e-26,1.75859e-21
"16",ENSG00000239959.1,chr3_75658188_G_C_b38,166986,0.234973,73,86,2.20728e-05,-0.424165,0.096665,0.000110932,8.27922e-07,0.00111748
"17",ENSG00000158234.12,chr3_138880687_C_T_b38,272078,0.478142,133,175,6.32092e-05,-0.238306,0.0578045,0.000118501,3.2379e-08,4.2777e-05
"18",ENSG00000176945.16,chr3_195703754_A_G_b38,-17128,0.166667,60,61,3.66909e-08,-0.776519,0.13337,3.74552e-05,1.56206e-16,1.09869e-12
"19",ENSG00000242686.4,chr4_674564_C_A_b38,18351,0.142076,48,52,9.18823e-32,-1.16843,0.0766597,7.66929e-05,1.48831e-41,3.86929e-36
"20",ENSG00000261643.1,chr4_3516463_C_T_b38,12006,0.23224,74,85,1.09294e-10,-0.511982,0.0734881,4.14063e-05,6.21679e-14,4.52145e-10
"21",ENSG00000269949.1,chr4_56929500_AAATT_A_b38,-31873,0.34153,102,125,4.8575e-11,-0.710415,0.099791,4.70629e-05,2.74558e-12,8.69229e-09
"22",ENSG00000249242.7,chr4_82722662_A_AG_b38,160305,0.442623,125,162,1.43195e-07,0.340732,0.0615404,6.43731e-05,1.27302e-09,2.43565e-06
"23",ENSG00000236296.7,chr4_143605046_G_A_b38,45574,0.456284,129,167,1.26665e-05,0.222665,0.0492216,0.000136857,4.31009e-07,0.000435881
"24",ENSG00000164253.13,chr5_77555651_G_A_b38,-64960,0.161202,54,59,2.22557e-08,0.516307,0.087138,6.29245e-05,3.29268e-14,1.51301e-10
"25",ENSG00000138829.11,chr5_128624242_C_T_b38,-34943,0.079235,27,29,3.52711e-05,0.654711,0.153286,0.000116865,8.62847e-06,0.0105891
"26",ENSG00000124784.8,chr6_7426899_T_C_b38,37155,0.453552,130,166,1.93264e-05,0.277409,0.0627519,3.82335e-05,1.05652e-08,3.03673e-05
"27",ENSG00000187837.3,chr6_25822135_C_T_b38,-234293,0.265027,84,97,9.99286e-05,0.220259,0.0550186,0.000117132,2.94671e-07,0.0004415
"28",ENSG00000198315.10,chr6_28175340_A_G_b38,33430,0.136612,47,50,0.000180476,-0.200926,0.0522483,0.000311139,4.54212e-08,7.12726e-05
"29",ENSG00000273340.1,chr6_29696400_A_G_b38,-48834,0.480874,131,176,0.000130543,-0.376132,0.095645,0.000208604,3.10704e-06,0.00560553
"30",ENSG00000230795.3,chr6_29990899_A_G_b38,63721,0.0628415,23,23,3.49406e-05,0.943524,0.220783,0.00016611,1.55573e-23,7.18271e-18
"31",ENSG00000204618.8,chr6_29765766_C_A_b38,-310121,0.057377,21,21,5.76187e-13,1.21384,0.153099,0.000129981,3.33035e-16,2.3063e-11
"32",ENSG00000137411.16,chr6_30930657_A_G_b38,16452,0.401639,120,147,1.43453e-27,0.727662,0.053483,0.000124066,1.43453e-27,8.54483e-21
"33",ENSG00000204525.16,chr6_31093804_A_G_b38,-178301,0.180328,62,66,1.29835e-05,-0.441681,0.0977657,0.000131362,3.2181e-29,7.06229e-22
"34",ENSG00000204338.8,chr6_31633074_G_T_b38,-372615,0.174863,62,64,7.96711e-07,-0.639653,0.123873,0.00010401,1.12995e-15,7.39088e-11
"35",ENSG00000198502.5,chr6_32544680_T_C_b38,14393,0.286885,90,105,4.34324e-21,-0.827448,0.0744099,9.43567e-05,1.83088e-40,1.18683e-32
"36",ENSG00000229391.7,chr6_32660302_C_A_b38,100280,0.169399,58,62,1.42061e-05,0.493885,0.109852,0.000106244,7.76928e-24,4.61211e-18
"37",ENSG00000111850.10,chr6_87688037_T_C_b38,365362,0.0819672,27,30,2.57852e-08,0.60513,0.102652,0.000100236,5.99563e-17,3.79883e-13
"38",ENSG00000203799.12,chr6_109185258_A_G_b38,19427,0.311475,97,114,8.08521e-13,0.65766,0.0835887,0.000105979,1.60674e-14,6.98436e-11
"39",ENSG00000203799.12,chr6_109288949_T_C_b38,123118,0.459016,129,168,8.68906e-06,-0.381205,0.0826136,0.000105979,1.60674e-14,6.98436e-11
"40",ENSG00000047936.10,chr6_117414287_A_C_b38,-11568,0.349727,108,128,1.12282e-05,0.268677,0.0590132,0.000115306,1.85095e-08,2.77797e-05
"41",ENSG00000231760.4,chr6_149599113_C_T_b38,-200037,0.39071,118,143,3.68095e-09,0.622107,0.0989422,6.5917e-05,7.07586e-13,4.17247e-09
"42",ENSG00000203722.7,chr6_149638717_TA_T_b38,-284404,0.4125,136,150,2.31807e-16,0.989488,0.106498,5.81463e-05,2.97586e-27,1.11411e-22
"43",ENSG00000186340.14,chr6_169237668_G_C_b38,-16376,0.166667,52,61,9.38549e-08,0.352385,0.0626326,4.91914e-05,3.43054e-08,0.000107694
"44",ENSG00000184465.15,chr6_169333149_G_A_b38,-368899,0.278689,88,102,3.64733e-06,-0.324747,0.0673944,5.00624e-05,1.14632e-12,7.96879e-09
"45",ENSG00000261003.1,chr6_170406820_G_T_b38,-7319,0.0956284,34,35,7.22225e-16,1.11108,0.122141,0.000118249,1.76959e-17,2.63805e-13
"46",ENSG00000106392.10,chr7_7166909_T_C_b38,9975,0.0901639,33,33,3.25558e-09,0.785147,0.124391,4.61356e-05,9.53806e-19,8.81509e-15
"47",ENSG00000122507.20,chr7_33153701_A_C_b38,24457,0.459016,131,168,3.00123e-05,-0.287204,0.0666111,7.83919e-05,1.27267e-08,2.785e-05
"48",ENSG00000213640.3,chr7_64875075_A_C_b38,12076,0.491803,141,180,6.77716e-35,-1.02994,0.0624511,0.000219687,5.24503e-40,5.89149e-33
"49",ENSG00000213640.3,chr7_64913464_C_T_b38,50465,0.442623,133,162,1.53211e-24,0.932594,0.0749596,0.000219687,5.24503e-40,5.89149e-33
"50",ENSG00000164669.12,chr7_65955201_T_C_b38,813976,0.415301,122,152,1.29447e-05,-0.376718,0.0833729,0.000219552,6.09858e-33,2.58732e-27
"51",ENSG00000205485.13,chr7_76391348_C_T_b38,-158012,0.240437,76,88,1.05019e-05,-0.440781,0.0964737,8.35419e-05,1.05477e-28,7.17335e-24
"52",ENSG00000233448.2,chr7_76918762_A_AT_b38,-121182,0.275,88,101,2.39821e-06,0.515605,0.104899,0.000106434,1.21071e-12,7.89814e-09
"53",ENSG00000228049.7,chr7_102756132_C_T_b38,84503,0.131148,46,48,2.01834e-19,-1.39516,0.133126,0.00011368,1.86388e-20,2.0693e-16
"54",ENSG00000280828.1,chr7_128663605_T_C_b38,129953,0.459016,134,168,2.04622e-06,0.329873,0.0666201,7.56177e-05,6.09753e-08,0.000104801
"55",ENSG00000165076.13,chr7_141721301_C_T_b38,-120186,0.483607,134,177,1.51783e-06,0.480644,0.0957579,7.69166e-05,6.74505e-10,1.26989e-06
"56",ENSG00000104325.6,chr8_90170349_A_G_b38,168944,0.278689,85,102,1.61322e-06,0.169323,0.0338269,0.000140314,4.58208e-07,0.000560201
"57",ENSG00000197363.9,chr8_144799822_C_G_b38,946,0.360656,108,132,3.83511e-12,0.419951,0.0553536,0.00010522,1.91064e-12,3.50135e-09
"58",ENSG00000170165.5,chr9_42775762_C_A_b38,-125476,0.142077,47,52,9.08484e-09,-0.79125,0.129563,0.000145102,2.23868e-09,2.10386e-06
"59",ENSG00000185904.11,chr10_41817261_T_C_b38,-658282,0.415301,130,152,5.7666e-11,-0.618561,0.0872815,0.000143272,7.09574e-16,4.9619e-12
"60",ENSG00000234420.7,chr10_42707135_A_G_b38,154313,0.0546448,20,20,0.000127205,-0.490852,0.124598,0.000129031,6.82513e-06,0.00654644
"61",ENSG00000279058.2,chr10_45820531_A_G_b38,-516693,0.314208,101,115,1.57849e-12,0.857813,0.110722,8.26276e-05,1.30258e-26,1.31553e-21
"62",ENSG00000196968.10,chr10_73736198_G_T_b38,-36665,0.374317,112,137,3.52876e-09,0.45149,0.0717111,0.000192932,3.52876e-09,2.88544e-06
"63",ENSG00000196666.4,chr11_47410483_G_C_b38,-176210,0.31694,102,116,9.89154e-05,-0.342333,0.0854544,0.000268579,9.02724e-06,0.00456759
"64",ENSG00000219061.4,chr11_50338295_T_G_b38,498975,0.382514,110,140,2.66986e-06,0.448991,0.0918059,0.000313062,4.45097e-12,8.59419e-09
"65",ENSG00000255190.2,chr11_50795796_A_G_b38,920851,0.0601093,21,22,0.000121432,0.800157,0.202478,0.00032972,9.88323e-24,4.35594e-19
"66",ENSG00000174483.19,chr11_66558359_A_G_b38,47753,0.445355,122,163,4.30674e-06,-0.246226,0.0515125,0.000158761,2.22614e-07,0.000223206
"67",ENSG00000172890.11,chr11_71528040_C_A_b38,74931,0.131148,45,48,1.02165e-07,-0.287438,0.0512521,8.70909e-05,2.2684e-12,6.40802e-09
"68",ENSG00000231887.6,chr12_10878072_T_C_b38,-6183,0.398907,119,146,2.03964e-18,-0.754424,0.0747527,6.14965e-05,4.14069e-19,2.7107e-15
"69",ENSG00000111275.12,chr12_111990367_C_T_b38,223480,0.0819672,29,30,1.73597e-05,-0.242195,0.0544622,0.000180277,7.22257e-11,1.06094e-07
"70",ENSG00000089220.4,chr12_118296289_G_A_b38,160262,0.262295,82,96,3.76552e-08,0.348053,0.0598344,5.08214e-05,3.27752e-14,1.45008e-10
"71",ENSG00000122033.14,chr13_27403427_T_C_b38,-47164,0.45082,133,165,3.60561e-05,-0.292322,0.0685297,4.8589e-05,2.98789e-10,1.12496e-06
"72",ENSG00000197168.11,chr13_52609105_T_G_b38,481443,0.0601093,22,22,1.01064e-06,-0.678854,0.132828,0.000101268,4.33085e-10,8.13969e-07
"73",ENSG00000080166.15,chr13_94348527_T_C_b38,-131155,0.278689,87,102,1.62922e-05,0.436713,0.0978616,5.49663e-05,3.15476e-21,4.98923e-17
"74",ENSG00000126790.11,chr14_59553133_C_A_b38,68703,0.0628415,23,23,4.95839e-05,-0.711991,0.170134,0.000108653,1.93963e-24,1.64646e-19
"75",ENSG00000119703.13,chr14_74919873_G_A_b38,-144297,0.363388,108,133,3.5173e-06,0.345189,0.0715118,6.93845e-05,3.51766e-09,6.18414e-06
"76",ENSG00000100580.7,chr14_77414818_G_T_b38,37709,0.20765,68,76,1.92652e-08,0.345153,0.0579634,5.36969e-05,1.37948e-08,4.89304e-05
"77",ENSG00000183828.14,chr14_105088289_C_G_b38,-93023,0.18306,58,67,3.69931e-07,0.331592,0.0621839,5.28271e-05,9.93269e-32,2.53654e-27
"78",ENSG00000261794.1,chr15_30833342_C_T_b38,229216,0.494536,135,181,6.97159e-06,-0.463998,0.0994276,6.65865e-05,2.52137e-09,5.4494e-06
"79",ENSG00000248441.6,chr15_95265901_A_G_b38,-61228,0.221311,74,81,2.14957e-05,0.328244,0.0746938,3.66258e-05,4.40811e-07,0.00103733
"80",ENSG00000103472.9,chr16_29150613_T_G_b38,75637,0.467213,132,171,1.12865e-07,-0.405523,0.0725801,0.000110655,3.45268e-08,5.01621e-05
"81",ENSG00000260084.1,chr16_68554909_G_C_b38,-34603,0.153005,56,56,1.12781e-05,-0.585638,0.128662,0.000126879,3.45016e-07,0.000374341
"82",ENSG00000141101.12,chr16_69708145_A_T_b38,-46795,0.377049,108,138,8.0149e-11,0.42657,0.0607196,0.00011379,4.62857e-13,1.29849e-09
"83",ENSG00000186153.16,chr16_78059829_G_A_b38,-39584,0.374317,111,137,5.81956e-07,-0.241076,0.0460663,3.08382e-05,1.9432e-08,9.86183e-05
"84",ENSG00000176715.15,chr16_88985095_C_T_b38,-103280,0.322404,101,118,5.65843e-06,-0.384336,0.0814966,5.45807e-05,2.04075e-14,1.98812e-10
"85",ENSG00000261373.1,chr16_89837144_G_A_b38,125288,0.103825,37,38,4.84256e-10,0.733221,0.109707,9.74835e-05,2.01005e-14,1.86972e-10
"86",ENSG00000234327.7,chr17_5100415_T_G_b38,-11053,0.103825,35,38,1.69861e-05,-0.511222,0.11482,4.16244e-05,6.40808e-07,0.001476
"87",ENSG00000167842.15,chr17_5505326_A_G_b38,19041,0.278689,89,102,3.30901e-05,0.247746,0.0577872,3.43608e-05,2.082e-09,6.31567e-06
"88",ENSG00000177302.14,chr17_18143584_T_C_b38,-171423,0.278689,88,102,4.26689e-09,-0.392751,0.0627572,0.000106168,4.93584e-11,1.31852e-07
"89",ENSG00000279369.1,chr17_63889464_C_T_b38,188617,0.407104,117,149,2.2414e-07,0.260085,0.0478022,8.32719e-05,2.92841e-08,3.34173e-05
"90",ENSG00000267199.1,chr18_12430199_G_A_b38,-8691,0.418033,127,153,3.72735e-10,-0.598465,0.0888759,5.83702e-05,1.30609e-26,1.13292e-22
"91",ENSG00000183397.5,chr19_3522650_C_T_b38,-16504,0.434426,127,159,7.45153e-07,-0.360277,0.0695702,3.13944e-05,1.61859e-07,0.00049889
"92",ENSG00000099331.13,chr19_17056086_TAA_T_b38,-19695,0.297814,94,109,2.70411e-05,0.156601,0.0361027,3.76611e-05,9.70024e-09,2.85647e-05
"93",ENSG00000105750.14,chr19_20833846_CAGA_C_b38,-89376,0.0983607,34,36,1.24271e-06,0.679323,0.134136,8.37883e-05,3.33846e-11,9.07113e-08
"94",ENSG00000232677.6,chr19_36591154_T_C_b38,259436,0.303279,92,111,6.009e-06,-0.421754,0.0897002,9.45633e-05,2.7188e-14,9.46958e-11
"95",ENSG00000170954.11,chr19_53117522_T_A_b38,-15555,0.106557,36,39,1.56147e-06,0.519471,0.103626,2.88303e-05,9.306e-08,0.00035909
"96",ENSG00000101290.13,chr20_5232275_A_G_b38,105489,0.497268,138,182,1.82167e-10,0.361871,0.0526723,3.20722e-05,8.28786e-21,1.0123e-16
"97",ENSG00000101443.17,chr20_45621560_A_G_b38,151854,0.330601,101,121,4.17421e-05,-0.306813,0.0725559,7.00772e-05,2.31292e-09,3.68397e-06
"98",ENSG00000275437.1,chr20_62388719_T_A_b38,-17216,0.437158,127,160,3.41201e-06,0.380891,0.078793,2.37384e-05,4.39007e-12,1.43498e-08
"99",ENSG00000128285.4,chr22_40675093_A_C_b38,-3657,0.431694,119,158,6.91095e-05,0.124374,0.0303384,0.000144776,4.37984e-07,0.000414757
"100",ENSG00000101846.6,chrX_7086063_C_T_b38,-133393,0.31694,71,116,7.99711e-05,0.116075,0.0285781,9.74088e-05,5.99232e-10,6.26419e-07
